unit_name,url
unit0_science_&_math_toolkit,https://www.positivephysics.org/studentscores?courseID=1&unitID=94&skillID=all&mode=work&scoreType=completion&section=all
unit1_velocity,https://www.positivephysics.org/studentscores?courseID=1&unitID=14&skillID=all&mode=work&scoreType=completion&section=all
unit2_acceleration,https://www.positivephysics.org/studentscores?courseID=1&unitID=8&skillID=all&mode=work&scoreType=completion&section=all
unit3_free-fall,https://www.positivephysics.org/studentscores?courseID=1&unitID=9&skillID=all&mode=work&scoreType=completion&section=all
unit4_projectile_motion,https://www.positivephysics.org/studentscores?courseID=1&unitID=10&skillID=all&mode=work&scoreType=completion&section=all
unit5_introduction_to_forces,https://www.positivephysics.org/studentscores?courseID=1&unitID=11&skillID=all&mode=work&scoreType=completion&section=all
unit6_friction,https://www.positivephysics.org/studentscores?courseID=1&unitID=12&skillID=all&mode=work&scoreType=completion&section=all
unit7_systems,https://www.positivephysics.org/studentscores?courseID=1&unitID=30&skillID=all&mode=work&scoreType=completion&section=all
unit8_diagonal_forces,https://www.positivephysics.org/studentscores?courseID=1&unitID=13&skillID=all&mode=work&scoreType=completion&section=all
unit9_incline_forces,https://www.positivephysics.org/studentscores?courseID=1&unitID=15&skillID=all&mode=work&scoreType=completion&section=all
unit10_circular_motion,https://www.positivephysics.org/studentscores?courseID=1&unitID=16&skillID=all&mode=work&scoreType=completion&section=all
unit11_universal_gravitation,https://www.positivephysics.org/studentscores?courseID=1&unitID=23&skillID=all&mode=work&scoreType=completion&section=all
unit12_semester_review_&_exam,https://www.positivephysics.org/studentscores?courseID=1&unitID=17&skillID=all&mode=work&scoreType=completion&section=all
unit13_energy,https://www.positivephysics.org/studentscores?courseID=1&unitID=19&skillID=all&mode=work&scoreType=completion&section=all
unit14_momentum,https://www.positivephysics.org/studentscores?courseID=1&unitID=18&skillID=all&mode=work&scoreType=completion&section=all
unit15_torque,https://www.positivephysics.org/studentscores?courseID=1&unitID=21&skillID=all&mode=work&scoreType=completion&section=all
unit16_rotational_kinematics,https://www.positivephysics.org/studentscores?courseID=1&unitID=55&skillID=all&mode=work&scoreType=completion&section=all
unit17_rotational_dynamics,https://www.positivephysics.org/studentscores?courseID=1&unitID=24&skillID=all&mode=work&scoreType=completion&section=all
unit18_springs_&_oscillations,https://www.positivephysics.org/studentscores?courseID=1&unitID=20&skillID=all&mode=work&scoreType=completion&section=all
unit19_fluids,https://www.positivephysics.org/studentscores?courseID=1&unitID=74&skillID=all&mode=work&scoreType=completion&section=all
unit20_thermodynamics,https://www.positivephysics.org/studentscores?courseID=1&unitID=84&skillID=all&mode=work&scoreType=completion&section=all
unit21_electric_charges_&_force,https://www.positivephysics.org/studentscores?courseID=1&unitID=52&skillID=all&mode=work&scoreType=completion&section=all
unit22_electric_fields_&_potential,https://www.positivephysics.org/studentscores?courseID=1&unitID=53&skillID=all&mode=work&scoreType=completion&section=all
unit23_circuit_analysis,https://www.positivephysics.org/studentscores?courseID=1&unitID=26&skillID=all&mode=work&scoreType=completion&section=all
unit24_circuit_design,https://www.positivephysics.org/studentscores?courseID=1&unitID=27&skillID=all&mode=work&scoreType=completion&section=all
unit25_magnetism,https://www.positivephysics.org/studentscores?courseID=1&unitID=50&skillID=all&mode=work&scoreType=completion&section=all
unit26_electromagnetism,https://www.positivephysics.org/studentscores?courseID=1&unitID=51&skillID=all&mode=work&scoreType=completion&section=all
unit27_optics,https://www.positivephysics.org/studentscores?courseID=1&unitID=47&skillID=all&mode=work&scoreType=completion&section=all
unit28_mechanical_waves_&_sound,https://www.positivephysics.org/studentscores?courseID=1&unitID=22&skillID=all&mode=work&scoreType=completion&section=all
unit29_light_&_color,https://www.positivephysics.org/studentscores?courseID=1&unitID=48&skillID=all&mode=work&scoreType=completion&section=all
unit30_final_review_&_exam,https://www.positivephysics.org/studentscores?courseID=1&unitID=71&skillID=all&mode=work&scoreType=completion&section=all
unit31_multiple_choice_mock_exam,https://www.positivephysics.org/studentscores?courseID=1&unitID=99&skillID=all&mode=work&scoreType=completion&section=all
